{"azadnet05.pages.dev": {"streak": 1, "last_test": 1761430340, "last_success": 1761430340}, "www.speedtest.net": {"streak": 1, "last_test": 1761430340, "last_success": 1761430340}, "172.66.44.81": {"streak": 0, "last_test": 1761430340, "last_success": 0}, "172.66.47.175": {"streak": 0, "last_test": 1761430340, "last_success": 0}, "2606:4700:310c::ac42:2c51": {"streak": 0, "last_test": 1761430340, "last_success": 0}, "2606:4700:310c::ac42:2faf": {"streak": 0, "last_test": 1761430340, "last_success": 0}, "57.129.28.69": {"streak": 1, "last_test": 1761430340, "last_success": 1761430340}, "188.92.28.55": {"streak": 1, "last_test": 1761430340, "last_success": 1761430340}, "104.26.12.140": {"streak": 1, "last_test": 1761430340, "last_success": 1761430340}, "138.124.125.63": {"streak": 1, "last_test": 1761430340, "last_success": 1761430340}, "{v\u001ckӷޚ龶oV֥Y\nږ*": {"streak": 0, "last_test": 1761430340, "last_success": 0}, "italy1.mongral.ir": {"streak": 1, "last_test": 1761430340, "last_success": 1761430340}, "94.103.85.168": {"streak": 0, "last_test": 1761430340, "last_success": 0}, "5.9.200.144": {"streak": 0, "last_test": 1761430340, "last_success": 0}, "162.55.122.51": {"streak": 1, "last_test": 1761430340, "last_success": 1761430340}, "xn--tvk-zld": {"streak": 0, "last_test": 1761430340, "last_success": 0}, "aflzzul.meiquankongjian.com": {"streak": 1, "last_test": 1761430340, "last_success": 1761430340}, "57.129.24.132": {"streak": 1, "last_test": 1761430340, "last_success": 1761430340}, "bestcdn1.868863.xyz": {"streak": 1, "last_test": 1761430340, "last_success": 1761430340}, "bestcdn3.868863.xyz": {"streak": 1, "last_test": 1761430340, "last_success": 1761430340}, "c251f6b5-sv2sg0-swjbgr-1kcpe.hk.p5pv.com": {"streak": 1, "last_test": 1761430340, "last_success": 1761430340}, "109.122.197.72": {"streak": 1, "last_test": 1761430340, "last_success": 1761430340}, "104.16.16.16": {"streak": 1, "last_test": 1761430340, "last_success": 1761430340}, "5.39.249.148": {"streak": 1, "last_test": 1761430340, "last_success": 1761430340}, "172.66.47.130": {"streak": 0, "last_test": 1761430340, "last_success": 0}, "104.19.45.50": {"streak": 1, "last_test": 1761430340, "last_success": 1761430340}, "142.0.134.243": {"streak": 0, "last_test": 1761430340, "last_success": 0}, "151.101.3.8": {"streak": 1, "last_test": 1761430340, "last_success": 1761430340}, "0.0.0.einetwork.news": {"streak": 0, "last_test": 1761430340, "last_success": 0}, "185.88.36.111": {"streak": 1, "last_test": 1761430340, "last_success": 1761430340}, "xn--lb\u0019\u0010\f#\u0016!>\u001a,)*\\o4-pjt": {"streak": 0, "last_test": 1761430340, "last_success": 0}, "g2.hirbilon.net": {"streak": 0, "last_test": 1761430340, "last_success": 0}, "638950889657513683.tabriz-prx-dnraacr.info": {"streak": 1, "last_test": 1761430340, "last_success": 1761430340}, "u": {"streak": 0, "last_test": 1761430340, "last_success": 0}, "104.18.85.29": {"streak": 0, "last_test": 1761430340, "last_success": 0}, "|{\u001dMz^N5v7": {"streak": 0, "last_test": 1761430340, "last_success": 0}, "185.236.232.99": {"streak": 1, "last_test": 1761430340, "last_success": 1761430340}, "vip.ezrael.shop": {"streak": 0, "last_test": 1761430340, "last_success": 0}, "jsvsus-isvahs-isbsisbsh.poshakhowdy.ir": {"streak": 0, "last_test": 1761430340, "last_success": 0}, "g0dv2.fast.hosting-ip.com": {"streak": 1, "last_test": 1761430340, "last_success": 1761430340}, "v2ngfast.huqpmfood.ir": {"streak": 0, "last_test": 1761430340, "last_success": 0}, "147.185.221.212": {"streak": 0, "last_test": 1761430340, "last_success": 0}, "104.18.13.229": {"streak": 0, "last_test": 1761430340, "last_success": 0}, "am288.amin-1.ir": {"streak": 1, "last_test": 1761430340, "last_success": 1761430340}, "xn--r\u0016'h-wd <9-w4\u0016j_fsxg~$\n+7-goy": {"streak": 0, "last_test": 1761430340, "last_success": 0}, "127.0.0.1": {"streak": 0, "last_test": 1761430340, "last_success": 0}, "pq-brazil1.09vpn.com": {"streak": 0, "last_test": 1761430340, "last_success": 0}, "167.235.143.230": {"streak": 0, "last_test": 1761430340, "last_success": 0}, "o77\u001e~kfپZnz}ӎ7": {"streak": 0, "last_test": 1761430340, "last_success": 0}, "v5.heduian.link": {"streak": 0, "last_test": 1761430340, "last_success": 0}, "43.206.210.127": {"streak": 1, "last_test": 1761430340, "last_success": 1761430340}, "3.38.100.222": {"streak": 1, "last_test": 1761430340, "last_success": 1761430340}, "axe.soyet2j.ir": {"streak": 1, "last_test": 1761430340, "last_success": 1761430340}, "638950280434441001.neyshabur-drc-tusacaf.info": {"streak": 1, "last_test": 1761430340, "last_success": 1761430340}, "141.193.213.20": {"streak": 1, "last_test": 1761430340, "last_success": 1761430340}, "141.101.115.32": {"streak": 0, "last_test": 1761430340, "last_success": 0}, "162.159.128.7": {"streak": 1, "last_test": 1761430340, "last_success": 1761430340}, "198.41.203.5": {"streak": 0, "last_test": 1761430340, "last_success": 0}, "203.24.108.10": {"streak": 0, "last_test": 1761430340, "last_success": 0}, "203.30.189.191": {"streak": 0, "last_test": 1761430340, "last_success": 0}, "23.227.38.38": {"streak": 1, "last_test": 1761430340, "last_success": 1761430340}, "107.151.182.253": {"streak": 1, "last_test": 1761430340, "last_success": 1761430340}, "120.198.71.184": {"streak": 0, "last_test": 1761430340, "last_success": 0}, "14.29.124.168": {"streak": 0, "last_test": 1761430340, "last_success": 0}, "150.107.46.21": {"streak": 1, "last_test": 1761430340, "last_success": 1761430340}, "195.154.118.40": {"streak": 1, "last_test": 1761430340, "last_success": 1761430340}, "195.133.11.8": {"streak": 0, "last_test": 1761430340, "last_success": 0}, "222.186.20.102": {"streak": 0, "last_test": 1761430340, "last_success": 0}, "231103.level3.sdl-sz.com": {"streak": 0, "last_test": 1761430340, "last_success": 0}, "231103levelx.unclemanco.com": {"streak": 0, "last_test": 1761430340, "last_success": 0}, "36.156.222.25": {"streak": 0, "last_test": 1761430340, "last_success": 0}, "42.157.196.103": {"streak": 0, "last_test": 1761430340, "last_success": 0}, "42.157.196.104": {"streak": 0, "last_test": 1761430340, "last_success": 0}, "62.100.205.48": {"streak": 1, "last_test": 1761430340, "last_success": 1761430340}, "68.183.74.63": {"streak": 0, "last_test": 1761430340, "last_success": 0}, "79.127.233.170": {"streak": 1, "last_test": 1761430340, "last_success": 1761430340}, "91.192.81.166": {"streak": 0, "last_test": 1761430340, "last_success": 0}, "91.206.93.157": {"streak": 0, "last_test": 1761430340, "last_success": 0}, "94.102.57.163": {"streak": 0, "last_test": 1761430340, "last_success": 0}, "eduall.buzzline.org": {"streak": 0, "last_test": 1761430340, "last_success": 0}, "jp-am48-6.eqnode.net": {"streak": 0, "last_test": 1761430340, "last_success": 0}, "ssca.irundns.net": {"streak": 0, "last_test": 1761430340, "last_success": 0}, "ssrfree.zhujicn2.net": {"streak": 0, "last_test": 1761430340, "last_success": 0}, "vip.basicnode.host": {"streak": 0, "last_test": 1761430340, "last_success": 0}, "vip3.niuniupremium.xyz": {"streak": 0, "last_test": 1761430340, "last_success": 0}, "z0110.security-cloudfront-cdn.com": {"streak": 0, "last_test": 1761430340, "last_success": 0}, "z0111.security-cloudfront-cdn.com": {"streak": 0, "last_test": 1761430340, "last_success": 0}, "z0113.security-cloudfront-cdn.com": {"streak": 0, "last_test": 1761430340, "last_success": 0}, "z0114.security-cloudfront-cdn.com": {"streak": 0, "last_test": 1761430340, "last_success": 0}, "z0115.security-cloudfront-cdn.com": {"streak": 0, "last_test": 1761430340, "last_success": 0}, "z0116.security-cloudfront-cdn.com": {"streak": 0, "last_test": 1761430340, "last_success": 0}, "z0117.security-cloudfront-cdn.com": {"streak": 0, "last_test": 1761430340, "last_success": 0}, "141.101.120.134": {"streak": 0, "last_test": 1761430340, "last_success": 0}, "uae1.mongral.ir": {"streak": 1, "last_test": 1761430340, "last_success": 1761430340}, "45.140.167.49": {"streak": 1,